subject,rsa_tsa_corr
1,0.008189247445134325
2,0.0870078699993096
3,-0.035217198035289776
4,-0.36349075812755793
5,0.08694061627335252
